date,BEN,CH4,CO,EBE,NMHC,NO,NO_2,NOx,O_3,PM10,PM25,SO_2,TCH,TOL,station
2018-02-01 00:00:00,,,,,,75.0,102.0,217.0,,31.0,20.0,,,,28079048
2018-02-01 01:00:00,,,,,,30.0,85.0,131.0,,19.0,13.0,,,,28079048
2018-02-01 02:00:00,,,,,,59.0,89.0,179.0,,17.0,12.0,,,,28079048
2018-02-01 03:00:00,,,,,,55.0,85.0,169.0,,19.0,13.0,,,,28079048
2018-02-01 04:00:00,,,,,,11.0,67.0,84.0,,17.0,13.0,,,,28079048
2018-02-01 05:00:00,,,,,,16.0,65.0,90.0,,18.0,15.0,,,,28079048
2018-02-01 06:00:00,,,,,,57.0,71.0,158.0,,17.0,14.0,,,,28079048
2018-02-01 07:00:00,,,,,,96.0,83.0,229.0,,10.0,3.0,,,,28079048
2018-02-01 08:00:00,,,,,,161.0,90.0,337.0,,18.0,10.0,,,,28079048
2018-02-01 09:00:00,,,,,,215.0,102.0,431.0,,25.0,16.0,,,,28079048
2018-02-01 10:00:00,,,,,,260.0,112.0,510.0,,38.0,27.0,,,,28079048
2018-02-01 11:00:00,,,,,,182.0,100.0,378.0,,45.0,32.0,,,,28079048
2018-02-01 12:00:00,,,,,,146.0,94.0,318.0,,44.0,33.0,,,,28079048
2018-02-01 13:00:00,,,,,,162.0,101.0,350.0,,43.0,31.0,,,,28079048
2018-02-01 14:00:00,,,,,,77.0,74.0,192.0,,56.0,45.0,,,,28079048
2018-02-01 15:00:00,,,,,,21.0,43.0,76.0,,20.0,14.0,,,,28079048
2018-02-01 16:00:00,,,,,,26.0,71.0,111.0,,17.0,13.0,,,,28079048
2018-02-01 17:00:00,,,,,,22.0,59.0,93.0,,26.0,22.0,,,,28079048
2018-02-01 18:00:00,,,,,,18.0,57.0,85.0,,10.0,5.0,,,,28079048
2018-02-01 19:00:00,,,,,,11.0,46.0,63.0,,7.0,3.0,,,,28079048
2018-02-01 20:00:00,,,,,,1.0,26.0,27.0,,4.0,2.0,,,,28079048
2018-02-01 21:00:00,,,,,,1.0,28.0,29.0,,11.0,10.0,,,,28079048
2018-02-01 22:00:00,,,,,,1.0,26.0,28.0,,1.0,1.0,,,,28079048
2018-02-01 23:00:00,,,,,,1.0,19.0,21.0,,6.0,6.0,,,,28079048
2018-02-02 00:00:00,,,,,,1.0,15.0,17.0,,6.0,6.0,,,,28079048
2018-02-02 01:00:00,,,,,,1.0,11.0,13.0,,2.0,2.0,,,,28079048
2018-02-02 02:00:00,,,,,,1.0,13.0,14.0,,1.0,1.0,,,,28079048
2018-02-02 03:00:00,,,,,,3.0,15.0,19.0,,2.0,2.0,,,,28079048
2018-02-02 04:00:00,,,,,,3.0,20.0,25.0,,11.0,11.0,,,,28079048
2018-02-02 05:00:00,,,,,,1.0,12.0,14.0,,6.0,6.0,,,,28079048
2018-02-02 06:00:00,,,,,,1.0,17.0,19.0,,1.0,1.0,,,,28079048
2018-02-02 07:00:00,,,,,,4.0,32.0,38.0,,1.0,1.0,,,,28079048
2018-02-02 08:00:00,,,,,,7.0,52.0,63.0,,6.0,6.0,,,,28079048
2018-02-02 09:00:00,,,,,,13.0,70.0,90.0,,13.0,13.0,,,,28079048
2018-02-02 10:00:00,,,,,,8.0,43.0,55.0,,10.0,9.0,,,,28079048
2018-02-02 11:00:00,,,,,,6.0,22.0,32.0,,9.0,7.0,,,,28079048
2018-02-02 12:00:00,,,,,,8.0,24.0,36.0,,8.0,7.0,,,,28079048
2018-02-02 13:00:00,,,,,,8.0,23.0,36.0,,12.0,10.0,,,,28079048
2018-02-02 14:00:00,,,,,,11.0,27.0,43.0,,10.0,8.0,,,,28079048
2018-02-02 15:00:00,,,,,,8.0,26.0,39.0,,2.0,2.0,,,,28079048
2018-02-02 16:00:00,,,,,,7.0,27.0,38.0,,1.0,1.0,,,,28079048
2018-02-02 17:00:00,,,,,,4.0,21.0,27.0,,1.0,1.0,,,,28079048
2018-02-02 18:00:00,,,,,,2.0,23.0,27.0,,2.0,2.0,,,,28079048
2018-02-02 19:00:00,,,,,,1.0,27.0,29.0,,1.0,1.0,,,,28079048
2018-02-02 20:00:00,,,,,,2.0,36.0,39.0,,1.0,1.0,,,,28079048
2018-02-02 21:00:00,,,,,,2.0,37.0,39.0,,1.0,1.0,,,,28079048
2018-02-02 22:00:00,,,,,,10.0,59.0,74.0,,5.0,4.0,,,,28079048
2018-02-02 23:00:00,,,,,,26.0,94.0,134.0,,8.0,7.0,,,,28079048
2018-02-03 00:00:00,,,,,,38.0,96.0,154.0,,13.0,10.0,,,,28079048
2018-02-03 01:00:00,,,,,,23.0,90.0,126.0,,1.0,1.0,,,,28079048
2018-02-03 02:00:00,,,,,,28.0,85.0,128.0,,12.0,9.0,,,,28079048
2018-02-03 03:00:00,,,,,,16.0,73.0,98.0,,21.0,7.0,,,,28079048
2018-02-03 04:00:00,,,,,,3.0,36.0,40.0,,14.0,10.0,,,,28079048
2018-02-03 05:00:00,,,,,,3.0,26.0,30.0,,1.0,1.0,,,,28079048
2018-02-03 06:00:00,,,,,,2.0,27.0,31.0,,2.0,2.0,,,,28079048
2018-02-03 07:00:00,,,,,,2.0,27.0,30.0,,6.0,6.0,,,,28079048
2018-02-03 08:00:00,,,,,,3.0,25.0,29.0,,1.0,1.0,,,,28079048
2018-02-03 09:00:00,,,,,,2.0,23.0,27.0,,2.0,2.0,,,,28079048
2018-02-03 10:00:00,,,,,,8.0,37.0,49.0,,5.0,3.0,,,,28079048
2018-02-03 11:00:00,,,,,,9.0,33.0,47.0,,1.0,1.0,,,,28079048
2018-02-03 12:00:00,,,,,,9.0,27.0,40.0,,1.0,1.0,,,,28079048
2018-02-03 13:00:00,,,,,,10.0,26.0,41.0,,6.0,4.0,,,,28079048
2018-02-03 14:00:00,,,,,,10.0,29.0,44.0,,3.0,2.0,,,,28079048
2018-02-03 15:00:00,,,,,,8.0,27.0,39.0,,6.0,4.0,,,,28079048
2018-02-03 16:00:00,,,,,,5.0,22.0,31.0,,2.0,2.0,,,,28079048
2018-02-03 17:00:00,,,,,,5.0,26.0,33.0,,8.0,8.0,,,,28079048
2018-02-03 18:00:00,,,,,,8.0,40.0,51.0,,16.0,15.0,,,,28079048
2018-02-03 19:00:00,,,,,,10.0,49.0,64.0,,5.0,3.0,,,,28079048
2018-02-03 20:00:00,,,,,,11.0,55.0,72.0,,2.0,1.0,,,,28079048
2018-02-03 21:00:00,,,,,,12.0,58.0,77.0,,1.0,1.0,,,,28079048
2018-02-03 22:00:00,,,,,,13.0,59.0,79.0,,1.0,1.0,,,,28079048
2018-02-03 23:00:00,,,,,,8.0,47.0,58.0,,6.0,4.0,,,,28079048
2018-02-04 00:00:00,,,,,,3.0,32.0,38.0,,7.0,5.0,,,,28079048
2018-02-04 01:00:00,,,,,,3.0,29.0,34.0,,13.0,12.0,,,,28079048
2018-02-04 02:00:00,,,,,,3.0,25.0,29.0,,12.0,11.0,,,,28079048
2018-02-04 03:00:00,,,,,,3.0,27.0,32.0,,10.0,8.0,,,,28079048
2018-02-04 04:00:00,,,,,,2.0,18.0,20.0,,4.0,3.0,,,,28079048
2018-02-04 05:00:00,,,,,,2.0,20.0,23.0,,15.0,14.0,,,,28079048
2018-02-04 06:00:00,,,,,,1.0,14.0,16.0,,3.0,3.0,,,,28079048
2018-02-04 07:00:00,,,,,,1.0,16.0,18.0,,1.0,1.0,,,,28079048
2018-02-04 08:00:00,,,,,,1.0,11.0,13.0,,1.0,1.0,,,,28079048
2018-02-04 09:00:00,,,,,,1.0,13.0,15.0,,9.0,9.0,,,,28079048
2018-02-04 10:00:00,,,,,,1.0,12.0,14.0,,6.0,7.0,,,,28079048
2018-02-04 11:00:00,,,,,,1.0,21.0,23.0,,2.0,2.0,,,,28079048
2018-02-04 12:00:00,,,,,,2.0,25.0,29.0,,1.0,1.0,,,,28079048
2018-02-04 13:00:00,,,,,,5.0,39.0,46.0,,4.0,4.0,,,,28079048
2018-02-04 14:00:00,,,,,,14.0,59.0,80.0,,8.0,8.0,,,,28079048
2018-02-04 15:00:00,,,,,,14.0,60.0,81.0,,3.0,3.0,,,,28079048
2018-02-04 16:00:00,,,,,,5.0,44.0,51.0,,7.0,7.0,,,,28079048
2018-02-04 17:00:00,,,,,,3.0,38.0,42.0,,7.0,7.0,,,,28079048
2018-02-04 18:00:00,,,,,,1.0,29.0,30.0,,1.0,1.0,,,,28079048
2018-02-04 19:00:00,,,,,,1.0,35.0,37.0,,10.0,11.0,,,,28079048
2018-02-04 20:00:00,,,,,,2.0,42.0,45.0,,6.0,5.0,,,,28079048
2018-02-04 21:00:00,,,,,,1.0,39.0,41.0,,4.0,3.0,,,,28079048
2018-02-04 22:00:00,,,,,,1.0,32.0,34.0,,1.0,1.0,,,,28079048
2018-02-04 23:00:00,,,,,,1.0,17.0,18.0,,6.0,7.0,,,,28079048
2018-02-05 00:00:00,,,,,,1.0,14.0,16.0,,14.0,16.0,,,,28079048
2018-02-05 01:00:00,,,,,,1.0,15.0,17.0,,2.0,2.0,,,,28079048
2018-02-05 02:00:00,,,,,,1.0,9.0,10.0,,1.0,1.0,,,,28079048
2018-02-05 03:00:00,,,,,,1.0,7.0,8.0,,1.0,1.0,,,,28079048
2018-02-05 04:00:00,,,,,,1.0,9.0,11.0,,1.0,1.0,,,,28079048
2018-02-05 05:00:00,,,,,,1.0,7.0,9.0,,9.0,10.0,,,,28079048
2018-02-05 06:00:00,,,,,,1.0,8.0,10.0,,4.0,5.0,,,,28079048
2018-02-05 07:00:00,,,,,,1.0,18.0,19.0,,1.0,1.0,,,,28079048
2018-02-05 08:00:00,,,,,,6.0,42.0,51.0,,1.0,1.0,,,,28079048
2018-02-05 09:00:00,,,,,,11.0,62.0,79.0,,2.0,1.0,,,,28079048
2018-02-05 10:00:00,,,,,,7.0,53.0,63.0,,2.0,2.0,,,,28079048
2018-02-05 11:00:00,,,,,,11.0,53.0,69.0,,5.0,5.0,,,,28079048
2018-02-05 12:00:00,,,,,,47.0,78.0,150.0,,3.0,2.0,,,,28079048
2018-02-05 13:00:00,,,,,,81.0,83.0,207.0,,6.0,3.0,,,,28079048
2018-02-05 14:00:00,,,,,,46.0,67.0,137.0,,1.0,1.0,,,,28079048
2018-02-05 15:00:00,,,,,,14.0,43.0,64.0,,2.0,1.0,,,,28079048
2018-02-05 16:00:00,,,,,,13.0,49.0,68.0,,2.0,1.0,,,,28079048
2018-02-05 17:00:00,,,,,,12.0,51.0,68.0,,2.0,2.0,,,,28079048
2018-02-05 18:00:00,,,,,,6.0,47.0,56.0,,1.0,1.0,,,,28079048
2018-02-05 19:00:00,,,,,,2.0,39.0,43.0,,1.0,1.0,,,,28079048
2018-02-05 20:00:00,,,,,,2.0,42.0,45.0,,1.0,1.0,,,,28079048
2018-02-05 21:00:00,,,,,,2.0,38.0,41.0,,4.0,4.0,,,,28079048
2018-02-05 22:00:00,,,,,,2.0,30.0,33.0,,6.0,6.0,,,,28079048
2018-02-05 23:00:00,,,,,,1.0,19.0,21.0,,9.0,9.0,,,,28079048
2018-02-06 00:00:00,,,,,,1.0,16.0,18.0,,3.0,3.0,,,,28079048
2018-02-06 01:00:00,,,,,,1.0,15.0,16.0,,1.0,1.0,,,,28079048
2018-02-06 02:00:00,,,,,,1.0,13.0,14.0,,2.0,3.0,,,,28079048
2018-02-06 03:00:00,,,,,,1.0,11.0,13.0,,1.0,1.0,,,,28079048
2018-02-06 04:00:00,,,,,,1.0,13.0,15.0,,5.0,5.0,,,,28079048
2018-02-06 05:00:00,,,,,,1.0,14.0,16.0,,5.0,5.0,,,,28079048
2018-02-06 06:00:00,,,,,,1.0,14.0,16.0,,1.0,1.0,,,,28079048
2018-02-06 07:00:00,,,,,,1.0,21.0,23.0,,1.0,1.0,,,,28079048
2018-02-06 08:00:00,,,,,,6.0,51.0,60.0,,1.0,1.0,,,,28079048
2018-02-06 09:00:00,,,,,,23.0,74.0,108.0,,9.0,9.0,,,,28079048
2018-02-06 10:00:00,,,,,,20.0,57.0,87.0,,7.0,7.0,,,,28079048
2018-02-06 11:00:00,,,,,,8.0,30.0,43.0,,3.0,2.0,,,,28079048
2018-02-06 12:00:00,,,,,,9.0,25.0,39.0,,1.0,1.0,,,,28079048
2018-02-06 13:00:00,,,,,,8.0,22.0,34.0,,9.0,7.0,,,,28079048
2018-02-06 14:00:00,,,,,,11.0,25.0,42.0,,14.0,11.0,,,,28079048
2018-02-06 15:00:00,,,,,,6.0,21.0,30.0,,18.0,16.0,,,,28079048
2018-02-06 16:00:00,,,,,,5.0,22.0,29.0,,4.0,3.0,,,,28079048
2018-02-06 17:00:00,,,,,,9.0,29.0,43.0,,13.0,13.0,,,,28079048
2018-02-06 18:00:00,,,,,,3.0,37.0,42.0,,13.0,12.0,,,,28079048
2018-02-06 19:00:00,,,,,,2.0,38.0,41.0,,16.0,15.0,,,,28079048
2018-02-06 20:00:00,,,,,,2.0,49.0,52.0,,18.0,17.0,,,,28079048
2018-02-06 21:00:00,,,,,,2.0,42.0,44.0,,5.0,4.0,,,,28079048
2018-02-06 22:00:00,,,,,,2.0,39.0,42.0,,7.0,6.0,,,,28079048
2018-02-06 23:00:00,,,,,,1.0,27.0,29.0,,15.0,15.0,,,,28079048
2018-02-07 00:00:00,,,,,,1.0,26.0,27.0,,11.0,11.0,,,,28079048
2018-02-07 01:00:00,,,,,,4.0,25.0,31.0,,6.0,5.0,,,,28079048
2018-02-07 02:00:00,,,,,,1.0,16.0,18.0,,8.0,8.0,,,,28079048
2018-02-07 03:00:00,,,,,,2.0,15.0,18.0,,5.0,4.0,,,,28079048
2018-02-07 04:00:00,,,,,,3.0,19.0,24.0,,1.0,1.0,,,,28079048
2018-02-07 05:00:00,,,,,,1.0,16.0,18.0,,2.0,2.0,,,,28079048
2018-02-07 06:00:00,,,,,,1.0,28.0,30.0,,1.0,1.0,,,,28079048
2018-02-07 07:00:00,,,,,,14.0,55.0,76.0,,1.0,1.0,,,,28079048
2018-02-07 08:00:00,,,,,,40.0,70.0,132.0,,2.0,1.0,,,,28079048
2018-02-07 09:00:00,,,,,,53.0,83.0,164.0,,19.0,16.0,,,,28079048
2018-02-07 10:00:00,,,,,,38.0,74.0,132.0,,9.0,5.0,,,,28079048
2018-02-07 11:00:00,,,,,,22.0,52.0,86.0,,5.0,3.0,,,,28079048
2018-02-07 12:00:00,,,,,,16.0,36.0,60.0,,16.0,14.0,,,,28079048
2018-02-07 13:00:00,,,,,,6.0,19.0,29.0,,11.0,9.0,,,,28079048
2018-02-07 14:00:00,,,,,,4.0,15.0,21.0,,6.0,4.0,,,,28079048
2018-02-07 15:00:00,,,,,,3.0,22.0,26.0,,1.0,1.0,,,,28079048
2018-02-07 16:00:00,,,,,,4.0,26.0,31.0,,5.0,4.0,,,,28079048
2018-02-07 17:00:00,,,,,,3.0,21.0,26.0,,4.0,2.0,,,,28079048
2018-02-07 18:00:00,,,,,,3.0,29.0,34.0,,3.0,1.0,,,,28079048
2018-02-07 19:00:00,,,,,,2.0,37.0,40.0,,4.0,3.0,,,,28079048
2018-02-07 20:00:00,,,,,,2.0,43.0,46.0,,10.0,8.0,,,,28079048
2018-02-07 21:00:00,,,,,,2.0,49.0,52.0,,2.0,2.0,,,,28079048
2018-02-07 22:00:00,,,,,,2.0,48.0,51.0,,1.0,1.0,,,,28079048
2018-02-07 23:00:00,,,,,,3.0,47.0,52.0,,4.0,2.0,,,,28079048
2018-02-08 00:00:00,,,,,,2.0,24.0,28.0,,2.0,1.0,,,,28079048
2018-02-08 01:00:00,,,,,,1.0,13.0,15.0,,7.0,7.0,,,,28079048
2018-02-08 02:00:00,,,,,,1.0,13.0,15.0,,23.0,25.0,,,,28079048
2018-02-08 03:00:00,,,,,,1.0,14.0,16.0,,11.0,11.0,,,,28079048
2018-02-08 04:00:00,,,,,,4.0,16.0,21.0,,11.0,11.0,,,,28079048
2018-02-08 05:00:00,,,,,,2.0,15.0,18.0,,13.0,14.0,,,,28079048
2018-02-08 06:00:00,,,,,,1.0,14.0,15.0,,2.0,2.0,,,,28079048
2018-02-08 07:00:00,,,,,,2.0,41.0,43.0,,2.0,1.0,,,,28079048
2018-02-08 08:00:00,,,,,,9.0,61.0,75.0,,8.0,7.0,,,,28079048
2018-02-08 09:00:00,,,,,,29.0,82.0,126.0,,15.0,14.0,,,,28079048
2018-02-08 10:00:00,,,,,,48.0,81.0,154.0,,19.0,16.0,,,,28079048
2018-02-08 11:00:00,,,,,,29.0,60.0,105.0,,12.0,7.0,,,,28079048
2018-02-08 12:00:00,,,,,,16.0,41.0,66.0,,21.0,18.0,,,,28079048
2018-02-08 13:00:00,,,,,,16.0,37.0,61.0,,18.0,15.0,,,,28079048
2018-02-08 14:00:00,,,,,,22.0,51.0,84.0,,15.0,11.0,,,,28079048
2018-02-08 15:00:00,,,,,,9.0,32.0,46.0,,9.0,5.0,,,,28079048
2018-02-08 16:00:00,,,,,,7.0,30.0,40.0,,5.0,4.0,,,,28079048
2018-02-08 17:00:00,,,,,,2.0,20.0,24.0,,1.0,1.0,,,,28079048
2018-02-08 18:00:00,,,,,,2.0,27.0,30.0,,3.0,2.0,,,,28079048
2018-02-08 19:00:00,,,,,,2.0,38.0,41.0,,4.0,3.0,,,,28079048
2018-02-08 20:00:00,,,,,,3.0,58.0,63.0,,8.0,7.0,,,,28079048
2018-02-08 21:00:00,,,,,,4.0,72.0,78.0,,18.0,16.0,,,,28079048
2018-02-08 22:00:00,,,,,,2.0,67.0,70.0,,20.0,19.0,,,,28079048
2018-02-08 23:00:00,,,,,,1.0,44.0,46.0,,5.0,3.0,,,,28079048
2018-02-09 00:00:00,,,,,,3.0,51.0,56.0,,6.0,4.0,,,,28079048
2018-02-09 01:00:00,,,,,,14.0,64.0,85.0,,10.0,9.0,,,,28079048
2018-02-09 02:00:00,,,,,,27.0,80.0,122.0,,15.0,13.0,,,,28079048
2018-02-09 03:00:00,,,,,,40.0,94.0,156.0,,13.0,10.0,,,,28079048
2018-02-09 04:00:00,,,,,,45.0,89.0,158.0,,15.0,8.0,,,,28079048
2018-02-09 05:00:00,,,,,,12.0,72.0,89.0,,27.0,24.0,,,,28079048
2018-02-09 06:00:00,,,,,,3.0,44.0,49.0,,3.0,2.0,,,,28079048
2018-02-09 07:00:00,,,,,,61.0,78.0,172.0,,1.0,1.0,,,,28079048
2018-02-09 08:00:00,,,,,,132.0,87.0,290.0,,13.0,9.0,,,,28079048
2018-02-09 09:00:00,,,,,,176.0,96.0,366.0,,22.0,16.0,,,,28079048
2018-02-09 10:00:00,,,,,,186.0,107.0,392.0,,32.0,22.0,,,,28079048
2018-02-09 11:00:00,,,,,,73.0,88.0,200.0,,25.0,17.0,,,,28079048
2018-02-09 12:00:00,,,,,,67.0,87.0,190.0,,13.0,6.0,,,,28079048
2018-02-09 13:00:00,,,,,,147.0,109.0,334.0,,18.0,8.0,,,,28079048
2018-02-09 14:00:00,,,,,,93.0,91.0,233.0,,28.0,15.0,,,,28079048
2018-02-09 15:00:00,,,,,,56.0,75.0,162.0,,29.0,19.0,,,,28079048
2018-02-09 16:00:00,,,,,,32.0,61.0,109.0,,31.0,25.0,,,,28079048
2018-02-09 17:00:00,,,,,,15.0,52.0,74.0,,23.0,19.0,,,,28079048
2018-02-09 18:00:00,,,,,,18.0,64.0,93.0,,14.0,11.0,,,,28079048
2018-02-09 19:00:00,,,,,,19.0,74.0,102.0,,13.0,10.0,,,,28079048
2018-02-09 20:00:00,,,,,,37.0,94.0,152.0,,16.0,12.0,,,,28079048
2018-02-09 21:00:00,,,,,,55.0,102.0,187.0,,24.0,17.0,,,,28079048
2018-02-09 22:00:00,,,,,,4.0,56.0,61.0,,15.0,8.0,,,,28079048
2018-02-09 23:00:00,,,,,,1.0,41.0,42.0,,10.0,8.0,,,,28079048
2018-02-10 00:00:00,,,,,,1.0,30.0,31.0,,8.0,7.0,,,,28079048
2018-02-10 01:00:00,,,,,,1.0,20.0,22.0,,5.0,3.0,,,,28079048
2018-02-10 02:00:00,,,,,,1.0,15.0,17.0,,5.0,4.0,,,,28079048
2018-02-10 03:00:00,,,,,,1.0,15.0,16.0,,1.0,1.0,,,,28079048
2018-02-10 04:00:00,,,,,,1.0,13.0,15.0,,8.0,7.0,,,,28079048
2018-02-10 05:00:00,,,,,,1.0,10.0,12.0,,3.0,2.0,,,,28079048
2018-02-10 06:00:00,,,,,,1.0,11.0,13.0,,1.0,1.0,,,,28079048
2018-02-10 07:00:00,,,,,,1.0,17.0,19.0,,1.0,1.0,,,,28079048
2018-02-10 08:00:00,,,,,,1.0,26.0,28.0,,4.0,4.0,,,,28079048
2018-02-10 09:00:00,,,,,,5.0,43.0,51.0,,3.0,2.0,,,,28079048
2018-02-10 10:00:00,,,,,,14.0,53.0,74.0,,2.0,1.0,,,,28079048
2018-02-10 11:00:00,,,,,,5.0,29.0,37.0,,8.0,6.0,,,,28079048
2018-02-10 12:00:00,,,,,,8.0,28.0,41.0,,9.0,8.0,,,,28079048
2018-02-10 13:00:00,,,,,,2.0,12.0,15.0,,8.0,7.0,,,,28079048
2018-02-10 14:00:00,,,,,,6.0,22.0,31.0,,8.0,8.0,,,,28079048
2018-02-10 15:00:00,,,,,,3.0,14.0,19.0,,5.0,5.0,,,,28079048
2018-02-10 16:00:00,,,,,,2.0,12.0,15.0,,2.0,1.0,,,,28079048
2018-02-10 17:00:00,,,,,,2.0,14.0,17.0,,8.0,8.0,,,,28079048
2018-02-10 18:00:00,,,,,,2.0,18.0,21.0,,14.0,14.0,,,,28079048
2018-02-10 19:00:00,,,,,,1.0,33.0,34.0,,4.0,3.0,,,,28079048
2018-02-10 20:00:00,,,,,,7.0,57.0,68.0,,7.0,6.0,,,,28079048
2018-02-10 21:00:00,,,,,,16.0,90.0,115.0,,11.0,9.0,,,,28079048
2018-02-10 22:00:00,,,,,,34.0,102.0,154.0,,10.0,7.0,,,,28079048
2018-02-10 23:00:00,,,,,,18.0,89.0,117.0,,9.0,6.0,,,,28079048
2018-02-11 00:00:00,,,,,,8.0,75.0,87.0,,24.0,22.0,,,,28079048
2018-02-11 01:00:00,,,,,,6.0,71.0,80.0,,21.0,19.0,,,,28079048
2018-02-11 02:00:00,,,,,,12.0,80.0,99.0,,15.0,12.0,,,,28079048
2018-02-11 03:00:00,,,,,,26.0,84.0,123.0,,20.0,14.0,,,,28079048
2018-02-11 04:00:00,,,,,,27.0,83.0,125.0,,20.0,16.0,,,,28079048
2018-02-11 05:00:00,,,,,,46.0,82.0,152.0,,17.0,13.0,,,,28079048
2018-02-11 06:00:00,,,,,,63.0,81.0,178.0,,18.0,14.0,,,,28079048
2018-02-11 07:00:00,,,,,,21.0,75.0,107.0,,24.0,21.0,,,,28079048
2018-02-11 08:00:00,,,,,,45.0,80.0,149.0,,14.0,11.0,,,,28079048
2018-02-11 09:00:00,,,,,,70.0,80.0,188.0,,19.0,14.0,,,,28079048
2018-02-11 10:00:00,,,,,,21.0,56.0,88.0,,21.0,17.0,,,,28079048
2018-02-11 11:00:00,,,,,,13.0,41.0,62.0,,13.0,12.0,,,,28079048
2018-02-11 12:00:00,,,,,,33.0,55.0,106.0,,17.0,15.0,,,,28079048
2018-02-11 13:00:00,,,,,,26.0,51.0,91.0,,11.0,7.0,,,,28079048
2018-02-11 14:00:00,,,,,,7.0,21.0,31.0,,16.0,14.0,,,,28079048
2018-02-11 15:00:00,,,,,,7.0,20.0,31.0,,14.0,13.0,,,,28079048
2018-02-11 16:00:00,,,,,,5.0,20.0,27.0,,12.0,11.0,,,,28079048
2018-02-11 17:00:00,,,,,,4.0,17.0,24.0,,7.0,6.0,,,,28079048
2018-02-11 18:00:00,,,,,,5.0,26.0,35.0,,1.0,1.0,,,,28079048
2018-02-11 19:00:00,,,,,,5.0,34.0,42.0,,5.0,4.0,,,,28079048
2018-02-11 20:00:00,,,,,,6.0,41.0,51.0,,11.0,11.0,,,,28079048
2018-02-11 21:00:00,,,,,,7.0,44.0,55.0,,4.0,4.0,,,,28079048
2018-02-11 22:00:00,,,,,,5.0,44.0,52.0,,6.0,5.0,,,,28079048
2018-02-11 23:00:00,,,,,,3.0,33.0,38.0,,8.0,7.0,,,,28079048
2018-02-12 00:00:00,,,,,,2.0,18.0,20.0,,12.0,11.0,,,,28079048
2018-02-12 01:00:00,,,,,,1.0,12.0,13.0,,6.0,5.0,,,,28079048
2018-02-12 02:00:00,,,,,,1.0,9.0,11.0,,2.0,2.0,,,,28079048
2018-02-12 03:00:00,,,,,,1.0,8.0,10.0,,1.0,1.0,,,,28079048
2018-02-12 04:00:00,,,,,,1.0,10.0,11.0,,1.0,1.0,,,,28079048
2018-02-12 05:00:00,,,,,,1.0,8.0,10.0,,4.0,4.0,,,,28079048
2018-02-12 06:00:00,,,,,,1.0,11.0,13.0,,3.0,3.0,,,,28079048
2018-02-12 07:00:00,,,,,,1.0,18.0,20.0,,1.0,1.0,,,,28079048
2018-02-12 08:00:00,,,,,,4.0,52.0,58.0,,2.0,1.0,,,,28079048
2018-02-12 09:00:00,,,,,,5.0,63.0,70.0,,1.0,1.0,,,,28079048
2018-02-12 10:00:00,,,,,,10.0,66.0,82.0,,4.0,1.0,,,,28079048
2018-02-12 11:00:00,,,,,,3.0,36.0,41.0,,4.0,1.0,,,,28079048
2018-02-12 12:00:00,,,,,,3.0,30.0,35.0,,2.0,1.0,,,,28079048
2018-02-12 13:00:00,,,,,,7.0,28.0,39.0,,9.0,7.0,,,,28079048
2018-02-12 14:00:00,,,,,,14.0,32.0,53.0,,8.0,6.0,,,,28079048
2018-02-12 15:00:00,,,,,,3.0,29.0,34.0,,9.0,6.0,,,,28079048
2018-02-12 16:00:00,,,,,,8.0,30.0,41.0,,1.0,1.0,,,,28079048
2018-02-12 17:00:00,,,,,,16.0,44.0,69.0,,1.0,1.0,,,,28079048
2018-02-12 18:00:00,,,,,,9.0,38.0,52.0,,6.0,3.0,,,,28079048
2018-02-12 19:00:00,,,,,,,,,,5.0,2.0,,,,28079048
2018-02-12 20:00:00,,,,,,30.0,80.0,126.0,,,,,,,28079048
2018-02-12 21:00:00,,,,,,28.0,83.0,125.0,,,,,,,28079048
2018-02-12 22:00:00,,,,,,20.0,86.0,117.0,,14.0,12.0,,,,28079048
2018-02-12 23:00:00,,,,,,8.0,81.0,94.0,,11.0,8.0,,,,28079048
2018-02-13 00:00:00,,,,,,32.0,73.0,122.0,,6.0,3.0,,,,28079048
2018-02-13 01:00:00,,,,,,1.0,31.0,33.0,,2.0,2.0,,,,28079048
2018-02-13 02:00:00,,,,,,2.0,31.0,34.0,,8.0,6.0,,,,28079048
2018-02-13 03:00:00,,,,,,1.0,24.0,26.0,,6.0,4.0,,,,28079048
2018-02-13 04:00:00,,,,,,1.0,16.0,17.0,,8.0,7.0,,,,28079048
2018-02-13 05:00:00,,,,,,1.0,16.0,17.0,,1.0,1.0,,,,28079048
2018-02-13 06:00:00,,,,,,1.0,23.0,25.0,,1.0,1.0,,,,28079048
2018-02-13 07:00:00,,,,,,9.0,50.0,63.0,,3.0,2.0,,,,28079048
2018-02-13 08:00:00,,,,,,119.0,94.0,277.0,,8.0,4.0,,,,28079048
2018-02-13 09:00:00,,,,,,144.0,107.0,327.0,,13.0,6.0,,,,28079048
2018-02-13 10:00:00,,,,,,135.0,105.0,312.0,,25.0,15.0,,,,28079048
2018-02-13 11:00:00,,,,,,145.0,106.0,328.0,,22.0,10.0,,,,28079048
2018-02-13 12:00:00,,,,,,82.0,78.0,204.0,,31.0,20.0,,,,28079048
2018-02-13 13:00:00,,,,,,24.0,43.0,80.0,,24.0,17.0,,,,28079048
2018-02-13 14:00:00,,,,,,21.0,44.0,77.0,,18.0,14.0,,,,28079048
2018-02-13 15:00:00,,,,,,22.0,56.0,89.0,,18.0,15.0,,,,28079048
2018-02-13 16:00:00,,,,,,16.0,53.0,77.0,,21.0,18.0,,,,28079048
2018-02-13 17:00:00,,,,,,20.0,66.0,97.0,,12.0,7.0,,,,28079048
2018-02-13 18:00:00,,,,,,18.0,63.0,90.0,,12.0,7.0,,,,28079048
2018-02-13 19:00:00,,,,,,17.0,62.0,87.0,,14.0,9.0,,,,28079048
2018-02-13 20:00:00,,,,,,17.0,63.0,89.0,,11.0,7.0,,,,28079048
2018-02-13 21:00:00,,,,,,12.0,50.0,68.0,,11.0,8.0,,,,28079048
2018-02-13 22:00:00,,,,,,8.0,43.0,55.0,,14.0,12.0,,,,28079048
2018-02-13 23:00:00,,,,,,6.0,37.0,46.0,,10.0,8.0,,,,28079048
2018-02-14 00:00:00,,,,,,3.0,31.0,36.0,,7.0,5.0,,,,28079048
2018-02-14 01:00:00,,,,,,2.0,24.0,27.0,,2.0,1.0,,,,28079048
2018-02-14 02:00:00,,,,,,1.0,13.0,15.0,,3.0,1.0,,,,28079048
2018-02-14 03:00:00,,,,,,1.0,11.0,12.0,,2.0,1.0,,,,28079048
2018-02-14 04:00:00,,,,,,1.0,10.0,11.0,,6.0,5.0,,,,28079048
2018-02-14 05:00:00,,,,,,1.0,10.0,12.0,,3.0,1.0,,,,28079048
2018-02-14 06:00:00,,,,,,1.0,12.0,14.0,,2.0,1.0,,,,28079048
2018-02-14 07:00:00,,,,,,6.0,27.0,37.0,,3.0,2.0,,,,28079048
2018-02-14 08:00:00,,,,,,22.0,58.0,92.0,,3.0,2.0,,,,28079048
2018-02-14 09:00:00,,,,,,38.0,71.0,129.0,,10.0,8.0,,,,28079048
2018-02-14 10:00:00,,,,,,29.0,58.0,102.0,,14.0,12.0,,,,28079048
2018-02-14 11:00:00,,,,,,20.0,46.0,76.0,,7.0,4.0,,,,28079048
2018-02-14 12:00:00,,,,,,27.0,53.0,95.0,,13.0,10.0,,,,28079048
2018-02-14 13:00:00,,,,,,22.0,45.0,79.0,,9.0,4.0,,,,28079048
2018-02-14 14:00:00,,,,,,18.0,44.0,72.0,,6.0,2.0,,,,28079048
2018-02-14 15:00:00,,,,,,17.0,44.0,70.0,,15.0,12.0,,,,28079048
2018-02-14 16:00:00,,,,,,15.0,39.0,63.0,,9.0,6.0,,,,28079048
2018-02-14 17:00:00,,,,,,13.0,38.0,57.0,,7.0,4.0,,,,28079048
2018-02-14 18:00:00,,,,,,16.0,49.0,74.0,,9.0,6.0,,,,28079048
2018-02-14 19:00:00,,,,,,20.0,57.0,88.0,,7.0,4.0,,,,28079048
2018-02-14 20:00:00,,,,,,20.0,60.0,91.0,,4.0,2.0,,,,28079048
2018-02-14 21:00:00,,,,,,16.0,57.0,82.0,,8.0,4.0,,,,28079048
2018-02-14 22:00:00,,,,,,10.0,48.0,64.0,,8.0,6.0,,,,28079048
2018-02-14 23:00:00,,,,,,7.0,39.0,49.0,,8.0,6.0,,,,28079048
2018-02-15 00:00:00,,,,,,6.0,38.0,48.0,,9.0,8.0,,,,28079048
2018-02-15 01:00:00,,,,,,5.0,36.0,43.0,,8.0,6.0,,,,28079048
2018-02-15 02:00:00,,,,,,1.0,19.0,21.0,,9.0,7.0,,,,28079048
2018-02-15 03:00:00,,,,,,1.0,16.0,18.0,,6.0,4.0,,,,28079048
2018-02-15 04:00:00,,,,,,1.0,13.0,15.0,,4.0,2.0,,,,28079048
2018-02-15 05:00:00,,,,,,1.0,13.0,15.0,,5.0,3.0,,,,28079048
2018-02-15 06:00:00,,,,,,1.0,23.0,26.0,,6.0,4.0,,,,28079048
2018-02-15 07:00:00,,,,,,3.0,25.0,30.0,,10.0,8.0,,,,28079048
2018-02-15 08:00:00,,,,,,16.0,46.0,70.0,,11.0,8.0,,,,28079048
2018-02-15 09:00:00,,,,,,24.0,54.0,91.0,,9.0,7.0,,,,28079048
2018-02-15 10:00:00,,,,,,26.0,55.0,95.0,,15.0,11.0,,,,28079048
2018-02-15 11:00:00,,,,,,21.0,55.0,88.0,,16.0,12.0,,,,28079048
2018-02-15 12:00:00,,,,,,37.0,68.0,125.0,,23.0,19.0,,,,28079048
2018-02-15 13:00:00,,,,,,34.0,70.0,122.0,,27.0,21.0,,,,28079048
2018-02-15 14:00:00,,,,,,49.0,76.0,151.0,,31.0,24.0,,,,28079048
2018-02-15 15:00:00,,,,,,67.0,78.0,181.0,,33.0,23.0,,,,28079048
2018-02-15 16:00:00,,,,,,41.0,74.0,137.0,,37.0,26.0,,,,28079048
2018-02-15 17:00:00,,,,,,30.0,67.0,113.0,,26.0,19.0,,,,28079048
2018-02-15 18:00:00,,,,,,37.0,75.0,132.0,,25.0,19.0,,,,28079048
2018-02-15 19:00:00,,,,,,41.0,83.0,147.0,,33.0,24.0,,,,28079048
2018-02-15 20:00:00,,,,,,41.0,82.0,146.0,,22.0,15.0,,,,28079048
2018-02-15 21:00:00,,,,,,49.0,85.0,160.0,,22.0,15.0,,,,28079048
2018-02-15 22:00:00,,,,,,42.0,86.0,150.0,,26.0,20.0,,,,28079048
2018-02-15 23:00:00,,,,,,41.0,86.0,148.0,,22.0,17.0,,,,28079048
2018-02-16 00:00:00,,,,,,10.0,53.0,68.0,,20.0,16.0,,,,28079048
2018-02-16 01:00:00,,,,,,1.0,26.0,28.0,,17.0,14.0,,,,28079048
2018-02-16 02:00:00,,,,,,1.0,20.0,22.0,,14.0,11.0,,,,28079048
2018-02-16 03:00:00,,,,,,1.0,17.0,18.0,,15.0,12.0,,,,28079048
2018-02-16 04:00:00,,,,,,1.0,20.0,22.0,,13.0,10.0,,,,28079048
2018-02-16 05:00:00,,,,,,1.0,19.0,20.0,,16.0,12.0,,,,28079048
2018-02-16 06:00:00,,,,,,1.0,18.0,20.0,,21.0,19.0,,,,28079048
2018-02-16 07:00:00,,,,,,3.0,23.0,27.0,,11.0,8.0,,,,28079048
2018-02-16 08:00:00,,,,,,13.0,46.0,66.0,,13.0,10.0,,,,28079048
2018-02-16 09:00:00,,,,,,38.0,57.0,116.0,,12.0,9.0,,,,28079048
2018-02-16 10:00:00,,,,,,39.0,56.0,116.0,,11.0,7.0,,,,28079048
2018-02-16 11:00:00,,,,,,48.0,52.0,125.0,,11.0,8.0,,,,28079048
2018-02-16 12:00:00,,,,,,47.0,41.0,113.0,,16.0,12.0,,,,28079048
2018-02-16 13:00:00,,,,,,30.0,35.0,81.0,,16.0,11.0,,,,28079048
2018-02-16 14:00:00,,,,,,37.0,46.0,102.0,,13.0,7.0,,,,28079048
2018-02-16 15:00:00,,,,,,68.0,72.0,176.0,,24.0,15.0,,,,28079048
2018-02-16 16:00:00,,,,,,70.0,78.0,186.0,,36.0,26.0,,,,28079048
2018-02-16 17:00:00,,,,,,49.0,73.0,148.0,,39.0,29.0,,,,28079048
2018-02-16 18:00:00,,,,,,41.0,71.0,133.0,,28.0,20.0,,,,28079048
2018-02-16 19:00:00,,,,,,25.0,64.0,102.0,,16.0,10.0,,,,28079048
2018-02-16 20:00:00,,,,,,34.0,75.0,127.0,,21.0,17.0,,,,28079048
2018-02-16 21:00:00,,,,,,37.0,72.0,129.0,,27.0,21.0,,,,28079048
2018-02-16 22:00:00,,,,,,38.0,71.0,129.0,,27.0,22.0,,,,28079048
2018-02-16 23:00:00,,,,,,33.0,72.0,122.0,,28.0,23.0,,,,28079048
2018-02-17 00:00:00,,,,,,36.0,72.0,127.0,,32.0,28.0,,,,28079048
2018-02-17 01:00:00,,,,,,41.0,67.0,130.0,,32.0,26.0,,,,28079048
2018-02-17 02:00:00,,,,,,38.0,62.0,121.0,,29.0,23.0,,,,28079048
2018-02-17 03:00:00,,,,,,33.0,57.0,107.0,,30.0,23.0,,,,28079048
2018-02-17 04:00:00,,,,,,21.0,51.0,84.0,,27.0,20.0,,,,28079048
2018-02-17 05:00:00,,,,,,21.0,54.0,85.0,,26.0,21.0,,,,28079048
2018-02-17 06:00:00,,,,,,10.0,51.0,66.0,,25.0,20.0,,,,28079048
2018-02-17 07:00:00,,,,,,2.0,37.0,40.0,,18.0,13.0,,,,28079048
2018-02-17 08:00:00,,,,,,1.0,24.0,26.0,,17.0,13.0,,,,28079048
2018-02-17 09:00:00,,,,,,2.0,24.0,26.0,,20.0,17.0,,,,28079048
2018-02-17 10:00:00,,,,,,6.0,29.0,38.0,,21.0,18.0,,,,28079048
2018-02-17 11:00:00,,,,,,3.0,19.0,24.0,,14.0,11.0,,,,28079048
2018-02-17 12:00:00,,,,,,18.0,35.0,63.0,,23.0,19.0,,,,28079048
2018-02-17 13:00:00,,,,,,26.0,51.0,90.0,,29.0,24.0,,,,28079048
2018-02-17 14:00:00,,,,,,27.0,49.0,90.0,,30.0,25.0,,,,28079048
2018-02-17 15:00:00,,,,,,10.0,35.0,51.0,,29.0,24.0,,,,28079048
2018-02-17 16:00:00,,,,,,4.0,30.0,36.0,,17.0,13.0,,,,28079048
2018-02-17 17:00:00,,,,,,2.0,23.0,26.0,,12.0,8.0,,,,28079048
2018-02-17 18:00:00,,,,,,1.0,21.0,22.0,,5.0,3.0,,,,28079048
2018-02-17 19:00:00,,,,,,1.0,19.0,21.0,,5.0,4.0,,,,28079048
2018-02-17 20:00:00,,,,,,1.0,26.0,27.0,,5.0,4.0,,,,28079048
2018-02-17 21:00:00,,,,,,1.0,22.0,24.0,,8.0,8.0,,,,28079048
2018-02-17 22:00:00,,,,,,1.0,19.0,20.0,,7.0,7.0,,,,28079048
2018-02-17 23:00:00,,,,,,1.0,13.0,15.0,,3.0,2.0,,,,28079048
2018-02-18 00:00:00,,,,,,1.0,12.0,14.0,,1.0,1.0,,,,28079048
2018-02-18 01:00:00,,,,,,1.0,16.0,17.0,,4.0,3.0,,,,28079048
2018-02-18 02:00:00,,,,,,1.0,11.0,12.0,,1.0,1.0,,,,28079048
2018-02-18 03:00:00,,,,,,1.0,9.0,11.0,,1.0,1.0,,,,28079048
2018-02-18 04:00:00,,,,,,1.0,11.0,12.0,,2.0,2.0,,,,28079048
2018-02-18 05:00:00,,,,,,1.0,16.0,17.0,,4.0,4.0,,,,28079048
2018-02-18 06:00:00,,,,,,1.0,16.0,17.0,,2.0,1.0,,,,28079048
2018-02-18 07:00:00,,,,,,1.0,20.0,22.0,,2.0,1.0,,,,28079048
2018-02-18 08:00:00,,,,,,1.0,27.0,29.0,,3.0,2.0,,,,28079048
2018-02-18 09:00:00,,,,,,2.0,27.0,30.0,,3.0,2.0,,,,28079048
2018-02-18 10:00:00,,,,,,2.0,15.0,18.0,,1.0,1.0,,,,28079048
2018-02-18 11:00:00,,,,,,2.0,13.0,16.0,,1.0,1.0,,,,28079048
2018-02-18 12:00:00,,,,,,2.0,11.0,14.0,,2.0,1.0,,,,28079048
2018-02-18 13:00:00,,,,,,2.0,13.0,16.0,,1.0,1.0,,,,28079048
2018-02-18 14:00:00,,,,,,2.0,15.0,19.0,,4.0,3.0,,,,28079048
2018-02-18 15:00:00,,,,,,1.0,10.0,12.0,,1.0,1.0,,,,28079048
2018-02-18 16:00:00,,,,,,1.0,9.0,11.0,,1.0,1.0,,,,28079048
2018-02-18 17:00:00,,,,,,1.0,7.0,8.0,,5.0,5.0,,,,28079048
2018-02-18 18:00:00,,,,,,1.0,13.0,15.0,,2.0,1.0,,,,28079048
2018-02-18 19:00:00,,,,,,1.0,20.0,21.0,,1.0,1.0,,,,28079048
2018-02-18 20:00:00,,,,,,1.0,26.0,28.0,,2.0,1.0,,,,28079048
2018-02-18 21:00:00,,,,,,1.0,26.0,27.0,,6.0,5.0,,,,28079048
2018-02-18 22:00:00,,,,,,1.0,22.0,24.0,,1.0,1.0,,,,28079048
2018-02-18 23:00:00,,,,,,1.0,17.0,19.0,,2.0,1.0,,,,28079048
2018-02-19 00:00:00,,,,,,1.0,14.0,16.0,,2.0,2.0,,,,28079048
2018-02-19 01:00:00,,,,,,1.0,25.0,27.0,,1.0,1.0,,,,28079048
2018-02-19 02:00:00,,,,,,1.0,25.0,26.0,,4.0,4.0,,,,28079048
2018-02-19 03:00:00,,,,,,1.0,13.0,14.0,,3.0,3.0,,,,28079048
2018-02-19 04:00:00,,,,,,1.0,15.0,16.0,,2.0,2.0,,,,28079048
2018-02-19 05:00:00,,,,,,1.0,11.0,13.0,,1.0,1.0,,,,28079048
2018-02-19 06:00:00,,,,,,1.0,14.0,15.0,,1.0,1.0,,,,28079048
2018-02-19 07:00:00,,,,,,1.0,27.0,29.0,,4.0,3.0,,,,28079048
2018-02-19 08:00:00,,,,,,9.0,63.0,76.0,,3.0,2.0,,,,28079048
2018-02-19 09:00:00,,,,,,24.0,82.0,119.0,,6.0,4.0,,,,28079048
2018-02-19 10:00:00,,,,,,29.0,68.0,112.0,,7.0,3.0,,,,28079048
2018-02-19 11:00:00,,,,,,7.0,34.0,46.0,,7.0,3.0,,,,28079048
2018-02-19 12:00:00,,,,,,4.0,22.0,28.0,,5.0,2.0,,,,28079048
2018-02-19 13:00:00,,,,,,7.0,24.0,36.0,,5.0,2.0,,,,28079048
2018-02-19 14:00:00,,,,,,6.0,21.0,29.0,,5.0,3.0,,,,28079048
2018-02-19 15:00:00,,,,,,4.0,15.0,21.0,,6.0,4.0,,,,28079048
2018-02-19 16:00:00,,,,,,2.0,16.0,18.0,,5.0,3.0,,,,28079048
2018-02-19 17:00:00,,,,,,2.0,15.0,17.0,,2.0,1.0,,,,28079048
2018-02-19 18:00:00,,,,,,2.0,23.0,26.0,,3.0,2.0,,,,28079048
2018-02-19 19:00:00,,,,,,1.0,26.0,28.0,,5.0,4.0,,,,28079048
2018-02-19 20:00:00,,,,,,1.0,34.0,36.0,,7.0,5.0,,,,28079048
2018-02-19 21:00:00,,,,,,1.0,32.0,34.0,,3.0,2.0,,,,28079048
2018-02-19 22:00:00,,,,,,1.0,30.0,31.0,,3.0,2.0,,,,28079048
2018-02-19 23:00:00,,,,,,1.0,19.0,21.0,,5.0,4.0,,,,28079048
2018-02-20 00:00:00,,,,,,1.0,16.0,18.0,,3.0,3.0,,,,28079048
2018-02-20 01:00:00,,,,,,1.0,16.0,18.0,,3.0,2.0,,,,28079048
2018-02-20 02:00:00,,,,,,1.0,20.0,22.0,,2.0,2.0,,,,28079048
2018-02-20 03:00:00,,,,,,1.0,15.0,16.0,,1.0,1.0,,,,28079048
2018-02-20 04:00:00,,,,,,3.0,20.0,25.0,,3.0,3.0,,,,28079048
2018-02-20 05:00:00,,,,,,1.0,12.0,14.0,,3.0,3.0,,,,28079048
2018-02-20 06:00:00,,,,,,1.0,16.0,17.0,,2.0,1.0,,,,28079048
2018-02-20 07:00:00,,,,,,2.0,22.0,25.0,,2.0,2.0,,,,28079048
2018-02-20 08:00:00,,,,,,26.0,74.0,114.0,,5.0,4.0,,,,28079048
2018-02-20 09:00:00,,,,,,16.0,78.0,103.0,,10.0,7.0,,,,28079048
2018-02-20 10:00:00,,,,,,16.0,62.0,86.0,,10.0,4.0,,,,28079048
2018-02-20 11:00:00,,,,,,8.0,30.0,43.0,,13.0,2.0,,,,28079048
2018-02-20 12:00:00,,,,,,3.0,19.0,24.0,,6.0,4.0,,,,28079048
2018-02-20 13:00:00,,,,,,4.0,19.0,24.0,,5.0,2.0,,,,28079048
2018-02-20 14:00:00,,,,,,4.0,19.0,25.0,,5.0,2.0,,,,28079048
2018-02-20 15:00:00,,,,,,2.0,13.0,16.0,,4.0,1.0,,,,28079048
2018-02-20 16:00:00,,,,,,3.0,20.0,25.0,,6.0,4.0,,,,28079048
2018-02-20 17:00:00,,,,,,3.0,20.0,25.0,,2.0,1.0,,,,28079048
2018-02-20 18:00:00,,,,,,3.0,24.0,28.0,,3.0,1.0,,,,28079048
2018-02-20 19:00:00,,,,,,2.0,27.0,31.0,,6.0,4.0,,,,28079048
2018-02-20 20:00:00,,,,,,1.0,37.0,39.0,,4.0,1.0,,,,28079048
2018-02-20 21:00:00,,,,,,1.0,29.0,31.0,,2.0,1.0,,,,28079048
2018-02-20 22:00:00,,,,,,1.0,27.0,28.0,,3.0,2.0,,,,28079048
2018-02-20 23:00:00,,,,,,2.0,33.0,36.0,,1.0,1.0,,,,28079048
2018-02-21 00:00:00,,,,,,1.0,39.0,41.0,,1.0,1.0,,,,28079048
2018-02-21 01:00:00,,,,,,1.0,16.0,18.0,,5.0,4.0,,,,28079048
2018-02-21 02:00:00,,,,,,2.0,37.0,39.0,,1.0,1.0,,,,28079048
2018-02-21 03:00:00,,,,,,4.0,44.0,50.0,,3.0,2.0,,,,28079048
2018-02-21 04:00:00,,,,,,6.0,37.0,46.0,,1.0,1.0,,,,28079048
2018-02-21 05:00:00,,,,,,1.0,12.0,13.0,,1.0,1.0,,,,28079048
2018-02-21 06:00:00,,,,,,3.0,21.0,25.0,,1.0,1.0,,,,28079048
2018-02-21 07:00:00,,,,,,1.0,17.0,19.0,,1.0,1.0,,,,28079048
2018-02-21 08:00:00,,,,,,1.0,26.0,28.0,,1.0,1.0,,,,28079048
2018-02-21 09:00:00,,,,,,5.0,42.0,50.0,,1.0,1.0,,,,28079048
2018-02-21 10:00:00,,,,,,11.0,39.0,56.0,,3.0,1.0,,,,28079048
2018-02-21 11:00:00,,,,,,5.0,20.0,26.0,,6.0,2.0,,,,28079048
2018-02-21 12:00:00,,,,,,5.0,20.0,28.0,,7.0,3.0,,,,28079048
2018-02-21 13:00:00,,,,,,6.0,21.0,30.0,,6.0,3.0,,,,28079048
2018-02-21 14:00:00,,,,,,3.0,16.0,21.0,,4.0,2.0,,,,28079048
2018-02-21 15:00:00,,,,,,5.0,20.0,28.0,,9.0,6.0,,,,28079048
2018-02-21 16:00:00,,,,,,4.0,19.0,25.0,,3.0,2.0,,,,28079048
2018-02-21 17:00:00,,,,,,7.0,28.0,39.0,,1.0,1.0,,,,28079048
2018-02-21 18:00:00,,,,,,5.0,31.0,39.0,,2.0,1.0,,,,28079048
2018-02-21 19:00:00,,,,,,3.0,31.0,35.0,,7.0,6.0,,,,28079048
2018-02-21 20:00:00,,,,,,1.0,30.0,32.0,,8.0,7.0,,,,28079048
2018-02-21 21:00:00,,,,,,1.0,35.0,36.0,,4.0,3.0,,,,28079048
2018-02-21 22:00:00,,,,,,1.0,36.0,37.0,,5.0,3.0,,,,28079048
2018-02-21 23:00:00,,,,,,1.0,32.0,33.0,,1.0,1.0,,,,28079048
2018-02-22 00:00:00,,,,,,3.0,25.0,31.0,,1.0,1.0,,,,28079048
2018-02-22 01:00:00,,,,,,1.0,18.0,20.0,,5.0,4.0,,,,28079048
2018-02-22 02:00:00,,,,,,1.0,13.0,14.0,,4.0,4.0,,,,28079048
2018-02-22 03:00:00,,,,,,1.0,11.0,12.0,,4.0,3.0,,,,28079048
2018-02-22 04:00:00,,,,,,1.0,10.0,12.0,,1.0,1.0,,,,28079048
2018-02-22 05:00:00,,,,,,1.0,13.0,15.0,,4.0,3.0,,,,28079048
2018-02-22 06:00:00,,,,,,3.0,23.0,27.0,,2.0,1.0,,,,28079048
2018-02-22 07:00:00,,,,,,4.0,35.0,41.0,,1.0,1.0,,,,28079048
2018-02-22 08:00:00,,,,,,23.0,69.0,104.0,,7.0,6.0,,,,28079048
2018-02-22 09:00:00,,,,,,34.0,80.0,132.0,,9.0,6.0,,,,28079048
2018-02-22 10:00:00,,,,,,41.0,77.0,140.0,,13.0,10.0,,,,28079048
2018-02-22 11:00:00,,,,,,83.0,88.0,215.0,,16.0,10.0,,,,28079048
2018-02-22 12:00:00,,,,,,73.0,90.0,202.0,,25.0,17.0,,,,28079048
2018-02-22 13:00:00,,,,,,74.0,89.0,202.0,,25.0,16.0,,,,28079048
2018-02-22 14:00:00,,,,,,40.0,67.0,128.0,,22.0,13.0,,,,28079048
2018-02-22 15:00:00,,,,,,10.0,34.0,49.0,,18.0,13.0,,,,28079048
2018-02-22 16:00:00,,,,,,5.0,21.0,28.0,,10.0,7.0,,,,28079048
2018-02-22 17:00:00,,,,,,2.0,17.0,21.0,,9.0,6.0,,,,28079048
2018-02-22 18:00:00,,,,,,3.0,24.0,29.0,,11.0,8.0,,,,28079048
2018-02-22 19:00:00,,,,,,3.0,32.0,36.0,,13.0,11.0,,,,28079048
2018-02-22 20:00:00,,,,,,2.0,48.0,50.0,,13.0,11.0,,,,28079048
2018-02-22 21:00:00,,,,,,1.0,50.0,52.0,,13.0,10.0,,,,28079048
2018-02-22 22:00:00,,,,,,1.0,33.0,34.0,,15.0,12.0,,,,28079048
2018-02-22 23:00:00,,,,,,1.0,31.0,33.0,,9.0,7.0,,,,28079048
2018-02-23 00:00:00,,,,,,1.0,25.0,27.0,,9.0,8.0,,,,28079048
2018-02-23 01:00:00,,,,,,1.0,31.0,33.0,,9.0,8.0,,,,28079048
2018-02-23 02:00:00,,,,,,1.0,19.0,21.0,,8.0,6.0,,,,28079048
2018-02-23 03:00:00,,,,,,1.0,18.0,20.0,,7.0,5.0,,,,28079048
2018-02-23 04:00:00,,,,,,1.0,16.0,18.0,,8.0,6.0,,,,28079048
2018-02-23 05:00:00,,,,,,1.0,15.0,16.0,,6.0,5.0,,,,28079048
2018-02-23 06:00:00,,,,,,1.0,17.0,19.0,,5.0,4.0,,,,28079048
2018-02-23 07:00:00,,,,,,4.0,27.0,33.0,,6.0,5.0,,,,28079048
2018-02-23 08:00:00,,,,,,9.0,56.0,69.0,,7.0,5.0,,,,28079048
2018-02-23 09:00:00,,,,,,17.0,73.0,100.0,,10.0,7.0,,,,28079048
2018-02-23 10:00:00,,,,,,31.0,72.0,120.0,,13.0,9.0,,,,28079048
2018-02-23 11:00:00,,,,,,41.0,70.0,134.0,,13.0,6.0,,,,28079048
2018-02-23 12:00:00,,,,,,39.0,64.0,124.0,,20.0,14.0,,,,28079048
2018-02-23 13:00:00,,,,,,5.0,19.0,27.0,,12.0,8.0,,,,28079048
2018-02-23 14:00:00,,,,,,7.0,24.0,34.0,,7.0,4.0,,,,28079048
2018-02-23 15:00:00,,,,,,4.0,20.0,26.0,,7.0,6.0,,,,28079048
2018-02-23 16:00:00,,,,,,6.0,25.0,35.0,,7.0,6.0,,,,28079048
2018-02-23 17:00:00,,,,,,8.0,29.0,42.0,,6.0,5.0,,,,28079048
2018-02-23 18:00:00,,,,,,4.0,28.0,33.0,,7.0,5.0,,,,28079048
2018-02-23 19:00:00,,,,,,8.0,56.0,69.0,,7.0,3.0,,,,28079048
2018-02-23 20:00:00,,,,,,29.0,93.0,138.0,,22.0,4.0,,,,28079048
2018-02-23 21:00:00,,,,,,44.0,106.0,173.0,,13.0,7.0,,,,28079048
2018-02-23 22:00:00,,,,,,36.0,104.0,159.0,,15.0,10.0,,,,28079048
2018-02-23 23:00:00,,,,,,24.0,91.0,127.0,,18.0,12.0,,,,28079048
2018-02-24 00:00:00,,,,,,6.0,70.0,80.0,,19.0,13.0,,,,28079048
2018-02-24 01:00:00,,,,,,12.0,76.0,94.0,,16.0,12.0,,,,28079048
2018-02-24 02:00:00,,,,,,22.0,82.0,116.0,,15.0,12.0,,,,28079048
2018-02-24 03:00:00,,,,,,95.0,109.0,256.0,,17.0,12.0,,,,28079048
2018-02-24 04:00:00,,,,,,43.0,83.0,149.0,,24.0,16.0,,,,28079048
2018-02-24 05:00:00,,,,,,2.0,48.0,51.0,,16.0,12.0,,,,28079048
2018-02-24 06:00:00,,,,,,5.0,66.0,73.0,,13.0,10.0,,,,28079048
2018-02-24 07:00:00,,,,,,4.0,66.0,73.0,,18.0,14.0,,,,28079048
2018-02-24 08:00:00,,,,,,4.0,58.0,64.0,,14.0,10.0,,,,28079048
2018-02-24 09:00:00,,,,,,8.0,55.0,67.0,,9.0,6.0,,,,28079048
2018-02-24 10:00:00,,,,,,18.0,49.0,77.0,,14.0,11.0,,,,28079048
2018-02-24 11:00:00,,,,,,22.0,48.0,82.0,,16.0,12.0,,,,28079048
2018-02-24 12:00:00,,,,,,50.0,71.0,148.0,,23.0,18.0,,,,28079048
2018-02-24 13:00:00,,,,,,24.0,52.0,90.0,,23.0,16.0,,,,28079048
2018-02-24 14:00:00,,,,,,17.0,46.0,73.0,,19.0,14.0,,,,28079048
2018-02-24 15:00:00,,,,,,12.0,40.0,59.0,,19.0,14.0,,,,28079048
2018-02-24 16:00:00,,,,,,7.0,28.0,39.0,,12.0,8.0,,,,28079048
2018-02-24 17:00:00,,,,,,4.0,28.0,35.0,,12.0,9.0,,,,28079048
2018-02-24 18:00:00,,,,,,5.0,38.0,45.0,,14.0,11.0,,,,28079048
2018-02-24 19:00:00,,,,,,9.0,60.0,73.0,,9.0,5.0,,,,28079048
2018-02-24 20:00:00,,,,,,14.0,87.0,109.0,,16.0,12.0,,,,28079048
2018-02-24 21:00:00,,,,,,25.0,108.0,145.0,,19.0,14.0,,,,28079048
2018-02-24 22:00:00,,,,,,21.0,107.0,138.0,,19.0,14.0,,,,28079048
2018-02-24 23:00:00,,,,,,18.0,108.0,135.0,,20.0,15.0,,,,28079048
2018-02-25 00:00:00,,,,,,19.0,110.0,139.0,,19.0,15.0,,,,28079048
2018-02-25 01:00:00,,,,,,66.0,123.0,224.0,,20.0,15.0,,,,28079048
2018-02-25 02:00:00,,,,,,12.0,83.0,102.0,,25.0,19.0,,,,28079048
2018-02-25 03:00:00,,,,,,2.0,53.0,56.0,,19.0,16.0,,,,28079048
2018-02-25 04:00:00,,,,,,3.0,50.0,54.0,,17.0,15.0,,,,28079048
2018-02-25 05:00:00,,,,,,2.0,38.0,42.0,,20.0,17.0,,,,28079048
2018-02-25 06:00:00,,,,,,1.0,28.0,30.0,,18.0,16.0,,,,28079048
2018-02-25 07:00:00,,,,,,1.0,27.0,29.0,,14.0,12.0,,,,28079048
2018-02-25 08:00:00,,,,,,1.0,39.0,41.0,,12.0,10.0,,,,28079048
2018-02-25 09:00:00,,,,,,5.0,53.0,61.0,,14.0,11.0,,,,28079048
2018-02-25 10:00:00,,,,,,7.0,37.0,48.0,,13.0,10.0,,,,28079048
2018-02-25 11:00:00,,,,,,26.0,55.0,96.0,,14.0,11.0,,,,28079048
2018-02-25 12:00:00,,,,,,41.0,70.0,133.0,,25.0,19.0,,,,28079048
2018-02-25 13:00:00,,,,,,31.0,67.0,114.0,,31.0,25.0,,,,28079048
2018-02-25 14:00:00,,,,,,11.0,44.0,61.0,,26.0,22.0,,,,28079048
2018-02-25 15:00:00,,,,,,13.0,47.0,66.0,,24.0,20.0,,,,28079048
2018-02-25 16:00:00,,,,,,6.0,36.0,45.0,,20.0,16.0,,,,28079048
2018-02-25 17:00:00,,,,,,6.0,33.0,42.0,,13.0,9.0,,,,28079048
2018-02-25 18:00:00,,,,,,4.0,38.0,44.0,,12.0,8.0,,,,28079048
2018-02-25 19:00:00,,,,,,6.0,60.0,70.0,,13.0,10.0,,,,28079048
2018-02-25 20:00:00,,,,,,19.0,105.0,134.0,,16.0,13.0,,,,28079048
2018-02-25 21:00:00,,,,,,44.0,130.0,198.0,,20.0,15.0,,,,28079048
2018-02-25 22:00:00,,,,,,18.0,114.0,141.0,,22.0,18.0,,,,28079048
2018-02-25 23:00:00,,,,,,16.0,115.0,139.0,,23.0,19.0,,,,28079048
2018-02-26 00:00:00,,,,,,19.0,113.0,142.0,,23.0,20.0,,,,28079048
2018-02-26 01:00:00,,,,,,21.0,102.0,133.0,,25.0,20.0,,,,28079048
2018-02-26 02:00:00,,,,,,1.0,68.0,70.0,,24.0,20.0,,,,28079048
2018-02-26 03:00:00,,,,,,13.0,87.0,108.0,,24.0,19.0,,,,28079048
2018-02-26 04:00:00,,,,,,33.0,95.0,145.0,,24.0,19.0,,,,28079048
2018-02-26 05:00:00,,,,,,34.0,92.0,144.0,,23.0,18.0,,,,28079048
2018-02-26 06:00:00,,,,,,17.0,83.0,110.0,,21.0,17.0,,,,28079048
2018-02-26 07:00:00,,,,,,13.0,80.0,100.0,,18.0,14.0,,,,28079048
2018-02-26 08:00:00,,,,,,57.0,94.0,182.0,,19.0,16.0,,,,28079048
2018-02-26 09:00:00,,,,,,184.0,121.0,404.0,,23.0,15.0,,,,28079048
2018-02-26 10:00:00,,,,,,139.0,113.0,326.0,,39.0,26.0,,,,28079048
2018-02-26 11:00:00,,,,,,74.0,91.0,205.0,,32.0,22.0,,,,28079048
2018-02-26 12:00:00,,,,,,103.0,109.0,266.0,,31.0,23.0,,,,28079048
2018-02-26 13:00:00,,,,,,58.0,92.0,181.0,,35.0,25.0,,,,28079048
2018-02-26 14:00:00,,,,,,41.0,85.0,148.0,,31.0,22.0,,,,28079048
2018-02-26 15:00:00,,,,,,31.0,75.0,122.0,,30.0,19.0,,,,28079048
2018-02-26 16:00:00,,,,,,19.0,62.0,91.0,,23.0,17.0,,,,28079048
2018-02-26 17:00:00,,,,,,17.0,59.0,85.0,,21.0,14.0,,,,28079048
2018-02-26 18:00:00,,,,,,14.0,65.0,86.0,,22.0,16.0,,,,28079048
2018-02-26 19:00:00,,,,,,14.0,73.0,95.0,,18.0,12.0,,,,28079048
2018-02-26 20:00:00,,,,,,27.0,104.0,146.0,,18.0,13.0,,,,28079048
2018-02-26 21:00:00,,,,,,25.0,108.0,147.0,,18.0,13.0,,,,28079048
2018-02-26 22:00:00,,,,,,8.0,96.0,109.0,,19.0,13.0,,,,28079048
2018-02-26 23:00:00,,,,,,1.0,32.0,34.0,,14.0,10.0,,,,28079048
2018-02-27 00:00:00,,,,,,1.0,19.0,20.0,,10.0,7.0,,,,28079048
2018-02-27 01:00:00,,,,,,1.0,18.0,19.0,,8.0,6.0,,,,28079048
2018-02-27 02:00:00,,,,,,1.0,12.0,13.0,,12.0,9.0,,,,28079048
2018-02-27 03:00:00,,,,,,1.0,8.0,9.0,,10.0,8.0,,,,28079048
2018-02-27 04:00:00,,,,,,1.0,7.0,9.0,,7.0,6.0,,,,28079048
2018-02-27 05:00:00,,,,,,1.0,7.0,8.0,,3.0,2.0,,,,28079048
2018-02-27 06:00:00,,,,,,1.0,7.0,8.0,,2.0,1.0,,,,28079048
2018-02-27 07:00:00,,,,,,1.0,16.0,18.0,,3.0,2.0,,,,28079048
2018-02-27 08:00:00,,,,,,3.0,38.0,43.0,,3.0,1.0,,,,28079048
2018-02-27 09:00:00,,,,,,5.0,60.0,67.0,,6.0,2.0,,,,28079048
2018-02-27 10:00:00,,,,,,5.0,57.0,65.0,,9.0,3.0,,,,28079048
2018-02-27 11:00:00,,,,,,7.0,58.0,69.0,,12.0,9.0,,,,28079048
2018-02-27 12:00:00,,,,,,31.0,80.0,127.0,,10.0,5.0,,,,28079048
2018-02-27 13:00:00,,,,,,88.0,103.0,238.0,,20.0,11.0,,,,28079048
2018-02-27 14:00:00,,,,,,129.0,117.0,315.0,,28.0,18.0,,,,28079048
2018-02-27 15:00:00,,,,,,82.0,105.0,231.0,,30.0,23.0,,,,28079048
2018-02-27 16:00:00,,,,,,71.0,98.0,207.0,,23.0,19.0,,,,28079048
2018-02-27 17:00:00,,,,,,123.0,114.0,304.0,,25.0,19.0,,,,28079048
2018-02-27 18:00:00,,,,,,80.0,102.0,225.0,,29.0,23.0,,,,28079048
2018-02-27 19:00:00,,,,,,58.0,94.0,183.0,,20.0,17.0,,,,28079048
2018-02-27 20:00:00,,,,,,78.0,97.0,217.0,,16.0,13.0,,,,28079048
2018-02-27 21:00:00,,,,,,93.0,102.0,246.0,,18.0,16.0,,,,28079048
2018-02-27 22:00:00,,,,,,89.0,97.0,234.0,,20.0,18.0,,,,28079048
2018-02-27 23:00:00,,,,,,38.0,79.0,137.0,,16.0,14.0,,,,28079048
2018-02-28 00:00:00,,,,,,47.0,82.0,155.0,,10.0,8.0,,,,28079048
2018-02-28 01:00:00,,,,,,52.0,84.0,164.0,,15.0,14.0,,,,28079048
2018-02-28 02:00:00,,,,,,8.0,66.0,78.0,,10.0,10.0,,,,28079048
2018-02-28 03:00:00,,,,,,2.0,45.0,47.0,,10.0,9.0,,,,28079048
2018-02-28 04:00:00,,,,,,1.0,39.0,41.0,,7.0,7.0,,,,28079048
2018-02-28 05:00:00,,,,,,3.0,43.0,48.0,,5.0,5.0,,,,28079048
2018-02-28 06:00:00,,,,,,1.0,46.0,48.0,,5.0,5.0,,,,28079048
2018-02-28 07:00:00,,,,,,9.0,55.0,69.0,,5.0,5.0,,,,28079048
2018-02-28 08:00:00,,,,,,70.0,71.0,177.0,,7.0,7.0,,,,28079048
2018-02-28 09:00:00,,,,,,143.0,95.0,315.0,,10.0,9.0,,,,28079048
2018-02-28 10:00:00,,,,,,110.0,98.0,268.0,,10.0,7.0,,,,28079048
2018-02-28 11:00:00,,,,,,104.0,103.0,262.0,,11.0,8.0,,,,28079048
2018-02-28 12:00:00,,,,,,50.0,89.0,167.0,,13.0,10.0,,,,28079048
2018-02-28 13:00:00,,,,,,29.0,73.0,117.0,,7.0,4.0,,,,28079048
2018-02-28 14:00:00,,,,,,28.0,75.0,118.0,,8.0,5.0,,,,28079048
2018-02-28 15:00:00,,,,,,48.0,87.0,161.0,,9.0,7.0,,,,28079048
2018-02-28 16:00:00,,,,,,19.0,62.0,92.0,,11.0,10.0,,,,28079048
2018-02-28 17:00:00,,,,,,10.0,42.0,57.0,,6.0,4.0,,,,28079048
2018-02-28 18:00:00,,,,,,11.0,55.0,73.0,,4.0,2.0,,,,28079048
2018-02-28 19:00:00,,,,,,12.0,55.0,73.0,,3.0,2.0,,,,28079048
2018-02-28 20:00:00,,,,,,17.0,69.0,96.0,,7.0,6.0,,,,28079048
2018-02-28 21:00:00,,,,,,15.0,77.0,100.0,,7.0,6.0,,,,28079048
2018-02-28 22:00:00,,,,,,11.0,72.0,89.0,,7.0,7.0,,,,28079048
2018-02-28 23:00:00,,,,,,3.0,58.0,63.0,,5.0,4.0,,,,28079048
